-- Exactly 20 sample records for every table.
USE `wholesale_dealer`;

INSERT INTO `countries` (`code`, `name`, `continent_name`) VALUES
  (1, 'Pakistan', 'Asia'),
  (2, 'China', 'Asia'),
  (3, 'United Arab Emirates', 'Asia'),
  (4, 'Saudi Arabia', 'Asia'),
  (5, 'Turkey', 'Asia'),
  (6, 'United Kingdom', 'Europe'),
  (7, 'Germany', 'Europe'),
  (8, 'France', 'Europe'),
  (9, 'Italy', 'Europe'),
  (10, 'Spain', 'Europe'),
  (11, 'United States', 'North America'),
  (12, 'Canada', 'North America'),
  (13, 'Mexico', 'North America'),
  (14, 'Brazil', 'South America'),
  (15, 'Argentina', 'South America'),
  (16, 'South Africa', 'Africa'),
  (17, 'Egypt', 'Africa'),
  (18, 'Nigeria', 'Africa'),
  (19, 'Australia', 'Oceania'),
  (20, 'New Zealand', 'Oceania');

INSERT INTO `users` (`id`, `full_name`, `email`, `gender`, `date_of_birth`, `country_code`, `created_at`) VALUES
  (1, 'Ayesha Khan', 'ayesha.khan@example.com', 'Female', '1995-04-12', 1, '2026-01-03 09:15:00'),
  (2, 'Bilal Ahmed', 'bilal.ahmed@example.com', 'Male', '1992-08-22', 1, '2026-01-05 10:20:00'),
  (3, 'Li Wei', 'li.wei@example.com', 'Male', '1989-02-14', 2, '2026-01-07 11:10:00'),
  (4, 'Fatima Noor', 'fatima.noor@example.com', 'Female', '1997-11-02', 3, '2026-01-09 13:30:00'),
  (5, 'Omar Farooq', 'omar.farooq@example.com', 'Male', '1990-05-18', 4, '2026-01-11 15:45:00'),
  (6, 'Elif Yilmaz', 'elif.yilmaz@example.com', 'Female', '1994-09-27', 5, '2026-01-13 08:40:00'),
  (7, 'James Wilson', 'james.wilson@example.com', 'Male', '1987-07-06', 6, '2026-01-15 12:05:00'),
  (8, 'Anna Schmidt', 'anna.schmidt@example.com', 'Female', '1993-03-30', 7, '2026-01-17 14:25:00'),
  (9, 'Lucas Martin', 'lucas.martin@example.com', 'Male', '1991-12-09', 8, '2026-01-19 16:10:00'),
  (10, 'Giulia Rossi', 'giulia.rossi@example.com', 'Female', '1996-06-21', 9, '2026-01-21 09:55:00'),
  (11, 'Sofia Garcia', 'sofia.garcia@example.com', 'Female', '1998-01-15', 10, '2026-01-23 11:35:00'),
  (12, 'Michael Brown', 'michael.brown@example.com', 'Male', '1988-10-11', 11, '2026-01-25 13:50:00'),
  (13, 'Emma Taylor', 'emma.taylor@example.com', 'Female', '1995-05-04', 12, '2026-01-27 15:05:00'),
  (14, 'Diego Hernandez', 'diego.hernandez@example.com', 'Male', '1992-02-28', 13, '2026-01-29 10:15:00'),
  (15, 'Mariana Silva', 'mariana.silva@example.com', 'Female', '1994-08-16', 14, '2026-02-01 12:20:00'),
  (16, 'Mateo Gonzalez', 'mateo.gonzalez@example.com', 'Male', '1986-04-25', 15, '2026-02-03 14:35:00'),
  (17, 'Thabo Nkosi', 'thabo.nkosi@example.com', 'Male', '1990-09-08', 16, '2026-02-05 16:45:00'),
  (18, 'Nour Hassan', 'nour.hassan@example.com', 'Female', '1997-07-19', 17, '2026-02-07 09:25:00'),
  (19, 'Chinedu Okafor', 'chinedu.okafor@example.com', 'Male', '1991-11-13', 18, '2026-02-09 11:40:00'),
  (20, 'Olivia Clark', 'olivia.clark@example.com', 'Prefer not to say', '1996-03-07', 19, '2026-02-11 13:55:00');

INSERT INTO `merchants` (`id`, `merchant_name`, `admin_id`, `country_code`, `created_at`) VALUES
  (1, 'Pak Wholesale Traders', 1, 1, '2026-02-15 09:00:00'),
  (2, 'Silk Road Supplies', 3, 2, '2026-02-16 09:30:00'),
  (3, 'Gulf Bulk Market', 4, 3, '2026-02-17 10:00:00'),
  (4, 'Arabia Trade House', 5, 4, '2026-02-18 10:30:00'),
  (5, 'Anatolia Distributors', 6, 5, '2026-02-19 11:00:00'),
  (6, 'Britannia Wholesale', 7, 6, '2026-02-20 11:30:00'),
  (7, 'Rhine Commerce GmbH', 8, 7, '2026-02-21 12:00:00'),
  (8, 'Paris Distribution Co', 9, 8, '2026-02-22 12:30:00'),
  (9, 'Italia Mercato', 10, 9, '2026-02-23 13:00:00'),
  (10, 'Iberia Bulk Goods', 11, 10, '2026-02-24 13:30:00'),
  (11, 'Liberty Supply Group', 12, 11, '2026-02-25 14:00:00'),
  (12, 'Maple Trade Depot', 13, 12, '2026-02-26 14:30:00'),
  (13, 'Aztec Wholesale', 14, 13, '2026-02-27 15:00:00'),
  (14, 'Rio Commercial Hub', 15, 14, '2026-02-28 15:30:00'),
  (15, 'Pampas Distributors', 16, 15, '2026-03-01 09:00:00'),
  (16, 'Cape Trade Network', 17, 16, '2026-03-02 09:30:00'),
  (17, 'Nile Wholesale Center', 18, 17, '2026-03-03 10:00:00'),
  (18, 'Lagos Supply House', 19, 18, '2026-03-04 10:30:00'),
  (19, 'Southern Cross Goods', 20, 19, '2026-03-05 11:00:00'),
  (20, 'Kiwi Commerce Ltd', 2, 20, '2026-03-06 11:30:00');

INSERT INTO `products` (`id`, `merchant_id`, `name`, `price`, `status`, `created_at`) VALUES
  (1, 1, 'Basmati Rice 25kg', 7200, 'Active', '2026-03-10 08:00:00'),
  (2, 2, 'Industrial LED Bulbs Pack', 4800, 'Active', '2026-03-11 08:30:00'),
  (3, 3, 'Premium Dates Carton', 5500, 'Active', '2026-03-12 09:00:00'),
  (4, 4, 'Arabica Coffee Beans 10kg', 18500, 'Active', '2026-03-13 09:30:00'),
  (5, 5, 'Cotton Towels Bundle', 6400, 'Inactive', '2026-03-14 10:00:00'),
  (6, 6, 'Office Paper 20 Reams', 9800, 'Active', '2026-03-15 10:30:00'),
  (7, 7, 'Precision Tool Set', 22000, 'Active', '2026-03-16 11:00:00'),
  (8, 8, 'Organic Soap Case', 7500, 'Active', '2026-03-17 11:30:00'),
  (9, 9, 'Olive Oil 12 Bottles', 13200, 'Active', '2026-03-18 12:00:00'),
  (10, 10, 'Ceramic Dinnerware Set', 16800, 'Out of Stock', '2026-03-19 12:30:00'),
  (11, 11, 'Wireless Keyboard Carton', 24500, 'Active', '2026-03-20 13:00:00'),
  (12, 12, 'Maple Syrup Case', 14200, 'Active', '2026-03-21 13:30:00'),
  (13, 13, 'Avocado Oil Bottles', 11600, 'Inactive', '2026-03-22 14:00:00'),
  (14, 14, 'Roasted Coffee Case', 12800, 'Active', '2026-03-23 14:30:00'),
  (15, 15, 'Leather Wallet Display', 19800, 'Active', '2026-03-24 15:00:00'),
  (16, 16, 'Rooibos Tea Carton', 8900, 'Active', '2026-03-25 15:30:00'),
  (17, 17, 'Egyptian Cotton Sheets', 27500, 'Active', '2026-03-26 16:00:00'),
  (18, 18, 'Shea Butter Case', 10400, 'Out of Stock', '2026-03-27 16:30:00'),
  (19, 19, 'Merino Wool Blankets', 32000, 'Active', '2026-03-28 09:00:00'),
  (20, 20, 'Manuka Honey Case', 36000, 'Active', '2026-03-29 09:30:00');

INSERT INTO `orders` (`id`, `user_id`, `status`, `created_at`) VALUES
  (1, 2, 'Completed', '2026-06-01 09:10:00'),
  (2, 4, 'Completed', '2026-06-02 10:20:00'),
  (3, 6, 'Shipped', '2026-06-03 11:30:00'),
  (4, 8, 'Processing', '2026-06-04 12:40:00'),
  (5, 10, 'Pending', '2026-06-05 13:50:00'),
  (6, 12, 'Completed', '2026-06-06 14:00:00'),
  (7, 14, 'Cancelled', '2026-06-07 15:10:00'),
  (8, 16, 'Shipped', '2026-06-08 16:20:00'),
  (9, 18, 'Completed', '2026-06-09 09:30:00'),
  (10, 20, 'Processing', '2026-06-10 10:40:00'),
  (11, 1, 'Completed', '2026-06-11 11:50:00'),
  (12, 3, 'Pending', '2026-06-12 12:00:00'),
  (13, 5, 'Shipped', '2026-06-13 13:10:00'),
  (14, 7, 'Completed', '2026-06-14 14:20:00'),
  (15, 9, 'Cancelled', '2026-06-15 15:30:00'),
  (16, 11, 'Processing', '2026-06-16 16:40:00'),
  (17, 13, 'Completed', '2026-06-17 09:50:00'),
  (18, 15, 'Pending', '2026-06-18 10:00:00'),
  (19, 17, 'Shipped', '2026-06-19 11:10:00'),
  (20, 19, 'Completed', '2026-06-20 12:20:00');

INSERT INTO `order_items` (`order_id`, `product_id`, `quantity`) VALUES
  (1, 1, 25),
  (2, 2, 40),
  (3, 3, 30),
  (4, 4, 12),
  (5, 5, 20),
  (6, 6, 18),
  (7, 7, 8),
  (8, 8, 35),
  (9, 9, 15),
  (10, 10, 10),
  (11, 11, 14),
  (12, 12, 22),
  (13, 13, 16),
  (14, 14, 28),
  (15, 15, 9),
  (16, 16, 32),
  (17, 17, 7),
  (18, 18, 24),
  (19, 19, 6),
  (20, 20, 5);
